{
  "_comment" : "Created with OWL2VOWL (version 0.3.1), http://vowl.visualdataweb.org",
  "header" : {
    "baseIris" : [ "http://www.w3.org/2000/01/rdf-schema", "http://www.godson.top/Auto" ],
    "iri" : "http://www.godson.top/Auto#Monitor,%20Execute_DDT.owl"
  },
  "namespace" : [ ],
  "metrics" : {
    "classCount" : 9,
    "objectPropertyCount" : 1,
    "datatypePropertyCount" : 0,
    "individualCount" : 0
  },
  "class" : [ {
    "id" : "0",
    "type" : "owl:Class"
  }, {
    "id" : "3",
    "type" : "owl:Class"
  }, {
    "id" : "13",
    "type" : "owl:Class"
  }, {
    "id" : "4",
    "type" : "owl:Class"
  }, {
    "id" : "11",
    "type" : "owl:Class"
  }, {
    "id" : "14",
    "type" : "owl:Class"
  }, {
    "id" : "6",
    "type" : "owl:Class"
  }, {
    "id" : "7",
    "type" : "owl:Class"
  }, {
    "id" : "1",
    "type" : "owl:Class"
  } ],
  "classAttribute" : [ {
    "iri" : "http://www.godson.top/Auto#其他车辆系统失效监测",
    "baseIri" : "http://www.godson.top/Auto",
    "instances" : 0,
    "label" : {
      "IRI-based" : "其他车辆系统失效监测"
    },
    "attributes" : [ "external" ],
    "id" : "0",
    "superClasses" : [ "1" ]
  }, {
    "iri" : "http://www.godson.top/Auto#用户接管能力监测",
    "baseIri" : "http://www.godson.top/Auto",
    "instances" : 0,
    "label" : {
      "IRI-based" : "用户接管能力监测"
    },
    "attributes" : [ "external" ],
    "id" : "3",
    "superClasses" : [ "7" ]
  }, {
    "iri" : "http://www.godson.top/Auto#状态",
    "baseIri" : "http://www.godson.top/Auto",
    "instances" : 0,
    "label" : {
      "IRI-based" : "状态"
    },
    "attributes" : [ "external" ],
    "id" : "13"
  }, {
    "iri" : "http://www.godson.top/Auto#动态驾驶任务后援用户",
    "baseIri" : "http://www.godson.top/Auto",
    "instances" : 0,
    "label" : {
      "IRI-based" : "动态驾驶任务后援用户"
    },
    "attributes" : [ "external" ],
    "id" : "4"
  }, {
    "iri" : "http://www.godson.top/Auto#自动驾驶系统失效监测",
    "baseIri" : "http://www.godson.top/Auto",
    "instances" : 0,
    "label" : {
      "IRI-based" : "自动驾驶系统失效监测"
    },
    "attributes" : [ "external" ],
    "id" : "11",
    "superClasses" : [ "1" ]
  }, {
    "iri" : "http://www.godson.top/Auto#载具情况",
    "baseIri" : "http://www.godson.top/Auto",
    "instances" : 0,
    "label" : {
      "IRI-based" : "载具情况"
    },
    "attributes" : [ "external" ],
    "id" : "14"
  }, {
    "iri" : "http://www.godson.top/Auto#状态监测",
    "baseIri" : "http://www.godson.top/Auto",
    "instances" : 0,
    "label" : {
      "IRI-based" : "状态监测"
    },
    "attributes" : [ "external" ],
    "id" : "6",
    "superClasses" : [ "7" ]
  }, {
    "iri" : "http://www.godson.top/Auto#监测",
    "baseIri" : "http://www.godson.top/Auto",
    "instances" : 0,
    "label" : {
      "IRI-based" : "监测"
    },
    "subClasses" : [ "6", "3", "1" ],
    "attributes" : [ "external" ],
    "id" : "7"
  }, {
    "iri" : "http://www.godson.top/Auto#失效监测",
    "baseIri" : "http://www.godson.top/Auto",
    "instances" : 0,
    "label" : {
      "IRI-based" : "失效监测"
    },
    "subClasses" : [ "11", "0" ],
    "attributes" : [ "external" ],
    "id" : "1",
    "superClasses" : [ "7" ]
  } ],
  "property" : [ {
    "id" : "2",
    "type" : "owl:someValuesFrom"
  }, {
    "id" : "5",
    "type" : "rdfs:SubClassOf"
  }, {
    "id" : "8",
    "type" : "rdfs:SubClassOf"
  }, {
    "id" : "9",
    "type" : "rdfs:SubClassOf"
  }, {
    "id" : "10",
    "type" : "rdfs:SubClassOf"
  }, {
    "id" : "12",
    "type" : "rdfs:SubClassOf"
  }, {
    "id" : "15",
    "type" : "owl:someValuesFrom"
  }, {
    "id" : "16",
    "type" : "owl:someValuesFrom"
  } ],
  "propertyAttribute" : [ {
    "iri" : "http://www.godson.top/Auto#监控",
    "baseIri" : "http://www.godson.top/Auto",
    "range" : "4",
    "label" : {
      "IRI-based" : "监控"
    },
    "domain" : "3",
    "attributes" : [ "object", "someValues", "external" ],
    "id" : "2"
  }, {
    "range" : "7",
    "domain" : "6",
    "attributes" : [ "object", "anonymous" ],
    "id" : "5"
  }, {
    "range" : "7",
    "domain" : "3",
    "attributes" : [ "object", "anonymous" ],
    "id" : "8"
  }, {
    "range" : "7",
    "domain" : "1",
    "attributes" : [ "object", "anonymous" ],
    "id" : "9"
  }, {
    "range" : "1",
    "domain" : "11",
    "attributes" : [ "object", "anonymous" ],
    "id" : "10"
  }, {
    "range" : "1",
    "domain" : "0",
    "attributes" : [ "object", "anonymous" ],
    "id" : "12"
  }, {
    "iri" : "http://www.godson.top/Auto#监控",
    "baseIri" : "http://www.godson.top/Auto",
    "range" : "14",
    "label" : {
      "IRI-based" : "监控"
    },
    "domain" : "0",
    "attributes" : [ "object", "someValues", "external" ],
    "id" : "15"
  }, {
    "iri" : "http://www.godson.top/Auto#监控",
    "baseIri" : "http://www.godson.top/Auto",
    "range" : "13",
    "label" : {
      "IRI-based" : "监控"
    },
    "domain" : "6",
    "attributes" : [ "object", "someValues", "external" ],
    "id" : "16"
  } ]
}